Session identifier;38155;0,197708333; 14:31:52;;;;;;;
B;33073;73;13:32:58:21;51.451.368.333;5.486.635.000;0;A;9292;;
1;-98;;;;;;;;;
2;-102;;;;;;;;;
3;-102;;;;;;;;;
5;-101;;;;;;;;;
6;-101;;;;;;;;;
7;-100;;;;;;;;;
;;;;;;;;;;
C;58977;69;13:32:58:0;51.451.371.667;5.485.870.000;9;A;9292;;
1;-98;;;;;;;;;
2;-101;;;;;;;;;
3;-101;;;;;;;;;
4;-103;;;;;;;;;
5;-98;;;;;;;;;
6;-103;;;;;;;;;
7;-99;;;;;;;;;
8;-101;;;;;;;;;
9;-97;;;;;;;;;
10;-97;;;;;;;;;
11;-97;;;;;;;;;
12;-98;;;;;;;;;
13;-98;;;;;;;;;
14;-98;;;;;;;;;
;;;;;;;;;;
E;32828;65;13:32:58:0;51.451.798.333;5.486.181.667;6;A;9292;;
1;-85;;;;;;;;;
2;-86;;;;;;;;;
3;-88;;;;;;;;;
4;-87;;;;;;;;;
5;-86;;;;;;;;;
6;-87;;;;;;;;;
7;-86;;;;;;;;;
8;-86;;;;;;;;;
9;-87;;;;;;;;;
10;-84;;;;;;;;;
11;-86;;;;;;;;;
12;-85;;;;;;;;;
13;-85;;;;;;;;;
14;-85;;;;;;;;;
15;-86;;;;;;;;;
16;-86;;;;;;;;;
17;-90;;;;;;;;;
18;-88;;;;;;;;;
19;-91;;;;;;;;;
20;-91;;;;;;;;;
21;-93;;;;;;;;;
23;-92;;;;;;;;;
24;-91;;;;;;;;;
25;-87;;;;;;;;;
26;-89;;;;;;;;;
E;32828;65;13:32:58:0;51.451.798.333;5.486.181.667;6;A;9292;;
27;-88;;;;;;;;;
28;-90;;;;;;;;;
29;-94;;;;;;;;;
30;-94;;;;;;;;;
F;75450;57;13:32:58:0;51.452.178.333;5.485.840.000;8;A;9292;;
1;-98;;;;;;;;;
2;-103;;;;;;;;;
3;-100;;;;;;;;;
4;-98;;;;;;;;;
5;-99;;;;;;;;;
6;-99;;;;;;;;;
7;-100;;;;;;;;;
8;-102;;;;;;;;;
9;-96;;;;;;;;;
10;-98;;;;;;;;;
11;-100;;;;;;;;;
12;-101;;;;;;;;;
13;-100;;;;;;;;;
14;-99;;;;;;;;;
15;-95;;;;;;;;;
16;-93;;;;;;;;;
17;-101;;;;;;;;;
18;-100;;;;;;;;;
19;-99;;;;;;;;;
20;-99;;;;;;;;;
21;-96;;;;;;;;;
22;-94;;;;;;;;;
23;-93;;;;;;;;;
24;-90;;;;;;;;;
F;75450;57;13:32:58:0;51.452.178.333;5.485.840.000;8;A;9292;;
25;-98;;;;;;;;;
26;-97;;;;;;;;;
27;-96;;;;;;;;;
28;-99;;;;;;;;;
29;-101;;;;;;;;;
30;-101;;;;;;;;;
31;-100;;;;;;;;;
32;-99;;;;;;;;;
33;-100;;;;;;;;;
34;-97;;;;;;;;;
35;-95;;;;;;;;;
36;-93;;;;;;;;;
37;-92;;;;;;;;;
38;-92;;;;;;;;;
39;-92;;;;;;;;;
G;98994;58;13:32:58:0;51.452.178.333;5.486.633.333;8;A;9292;;
1;-92;;;;;;;;;
2;-94;;;;;;;;;
3;-95;;;;;;;;;
4;-96;;;;;;;;;
5;-97;;;;;;;;;
6;-95;;;;;;;;;
7;-96;;;;;;;;;
8;-96;;;;;;;;;
9;-94;;;;;;;;;
10;-95;;;;;;;;;
11;-93;;;;;;;;;
12;-94;;;;;;;;;
13;-94;;;;;;;;;
14;-93;;;;;;;;;
15;-94;;;;;;;;;
16;-96;;;;;;;;;
17;-94;;;;;;;;;
18;-94;;;;;;;;;
19;-93;;;;;;;;;
20;-94;;;;;;;;;
21;-94;;;;;;;;;
22;-93;;;;;;;;;
23;-95;;;;;;;;;
24;-93;;;;;;;;;
25;-91;;;;;;;;;
G;98994;58;13:32:58:0;51.452.178.333;5.486.633.333;8;A;9292;;
26;-90;;;;;;;;;
27;-91;;;;;;;;;
28;-91;;;;;;;;;
29;-92;;;;;;;;;
30;-91;;;;;;;;;
31;-92;;;;;;;;;
32;-90;;;;;;;;;
33;-90;;;;;;;;;
34;-91;;;;;;;;;
35;-90;;;;;;;;;
36;-91;;;;;;;;;
37;-91;;;;;;;;;
38;-91;;;;;;;;;
39;-90;;;;;;;;;
41;-89;;;;;;;;;
42;-89;;;;;;;;;
43;-88;;;;;;;;;
44;-88;;;;;;;;;
45;-89;;;;;;;;;
46;-88;;;;;;;;;
47;-89;;;;;;;;;
B;33073;74;13:32:59>59;51.451.323.333;5.486.603.333;9;A;990;;
9;-97;;;;;;;;;
10;-102;;;;;;;;;
11;-100;;;;;;;;;
12;-100;;;;;;;;;
13;-100;;;;;;;;;
14;-100;;;;;;;;;
15;-99;;;;;;;;;
16;-102;;;;;;;;;
17;-104;;;;;;;;;
18;-102;;;;;;;;;
19;-103;;;;;;;;;
20;-100;;;;;;;;;
21;-101;;;;;;;;;
22;-99;;;;;;;;;
23;-101;;;;;;;;;
24;-101;;;;;;;;;
25;-96;;;;;;;;;
26;-97;;;;;;;;;
27;-96;;;;;;;;;
28;-97;;;;;;;;;
29;-97;;;;;;;;;
30;-99;;;;;;;;;
31;-98;;;;;;;;;
B;33073;74;13:32:59:19;51.451.323.333;5.486.603.333;9;A;9292;;
32;-99m;;;;;;;;;
33;-101;;;;;;;;;
34;-101;;;;;;;;;
35;-103;;;;;;;;;
36;-104;;;;;;;;;
37;-102;;;;;;;;;
3x(m101;;;;;;;;;;
39;-103;;;;;;;;;
40;-103;;;;;;;;;
$!;-101;;;;;;;;;
42;-1;;;;;;;;;
43;-99;;;;;;;;;
44;-101;;;;;;;;;
45;-99;;;;;;;;;
46;-100;;;;;;;;;
47;-99;;;;;;;;;
48;-99;;;;;;;;;
49;-99;;;;;;;;;
50;"-10???fA?_?_?	?`?gL??z??";;;;;;;;;
C;58977;70;13:33:1:0;51.451.371.667;5.485.870.000;9;A;9292;;
17;-95;;;;;;;;;
18;-97;;;;;;;;;
19;-96;;;;;;;;;
20;-96;;;;;;;;;
21;-95;;;;;;;;;
22;-98;;;;;;;;;
23;-97;;;;;;;;;
24;-95;;;;;;;;;
25;-97;;;;;;;;;
26;-96;;;;;;;;;
27;-96;;;;;;;;;
28;-95;;;;;;;;;
29;-97;;;;;;;;;
30;-97;;;;;;;;;
31;-97;;;;;;;;;
32;-96;;;;;;;;;
33;-99;;;;;;;;;
34;-98;;;;;;;;;
35;-98;;;;;;;;;
36;-98;;;;;;;;;
37;-98;;;;;;;;;
38;-95;;;;;;;;;
39;-97;;;;;;;;;
40;-97;;;;;;;;;
C;58977;70;13:33:1:0;51.451.371.667;5.485.870.000;9;A;9292;;
41;-93;;;;;;;;;
42;-98;;;;;;;;;
43;-98;;;;;;;;;
44;-98;;;;;;;;;
45;-99;;;;;;;;;
46;-98;;;;;;;;;
47;-100;;;;;;;;;
48;-97;;;;;;;;;
49;-99;;;;;;;;;
50;-99;;;;;;;;;
51;-99;;;;;;;;;
52;-99;;;;;;;;;
53;-101;;;;;;;;;
54;-101;;;;;;;;;
55;-98;;;;;;;;;
56;-100;;;;;;;;;
59;-102;;;;;;;;;
60;-100;;;;;;;;;
61;-99;;;;;;;;;
62;-101;;;;;;;;;
63;-;;;;;;;;;
E;32828;66;13:33:4:0;51.451.800.000;5.486.185.000;7;A;9292;;
33;-91;;;;;;;;;
34;-97;;;;;;;;;
35;-95;;;;;;;;;
36;-95;;;;;;;;;
37;-95;;;;;;;;;
38;-95;;;;;;;;;
39;-96;;;;;;;;;
40;-92;;;;;;;;;
41;-92;;;;;;;;;
42;-95;;;;;;;;;
43;-93;;;;;;;;;
44;-94;;;;;;;;;
45;-96;;;;;;;;;
46;-95;;;;;;;;;
47;-95;;;;;;;;;
48;-93;;;;;;;;;
49;-97;;;;;;;;;
50;-100;;;;;;;;;
51;-100;;;;;;;;;
52;-101;;;;;;;;;
53;-103;;;;;;;;;
54;-101;;;;;;;;;
55;-103;;;;;;;;;
56;-100;;;;;;;;;
E;32828;66;13:33:4:0;51.451.800.000;5.486.185.000;7;A;9292;;
59;-101;;;;;;;;;
60;-97;;;;;;;;;
61;-97;;;;;;;;;
62;-100;;;;;;;;;
63;-100;;;;;;;;;
64;-98;;;;;;;;;
66;-94;;;;;;;;;
67;-96;;;;;;;;;
68;-94;;;;;;;;;
69;-95;;;;;;;;;
70;-93;;;;;;;;;
71;-95;;;;;;;;;
72;-95;;;;;;;;;
73;-92;;;;;;;;;
74;-96;;;;;;;;;
75;-94;;;;;;;;;
76;-95;;;;;;;;;
77;-95;;;;;;;;;
78;-96;;;;;;;;;
79;-95;;;;;;;;;
F;75450;58;13:33:6:0;51.452.178.333;5.485.840.000;9;A;9292;;
41;-91;;;;;;;;;
42;-95;;;;;;;;;
43;-96;;;;;;;;;
44;-95;;;;;;;;;
45;-95;;;;;;;;;
46;-100;;;;;;;;;
47;-104;;;;;;;;;
49;-96;;;;;;;;;
50;-105;;;;;;;;;
51;-99;;;;;;;;;
52;-96;;;;;;;;;
53;-94;;;;;;;;;
54;-92;;;;;;;;;
55;-91;;;;;;;;;
56;-90;;;;;;;;;
57;-94;;;;;;;;;
58;-93;;;;;;;;;
59;-93;;;;;;;;;
60;-94;;;;;;;;;
61;-96;;;;;;;;;
62;-98;;;;;;;;;
63;-101;;;;;;;;;
64;-104;;;;;;;;;
65;-94;;;;;;;;;
F;75450;58;13:33:6:0;51.452.178.333;5.485.840.000;9;A;9292;;
66;-95;;;;;;;;;
67;-92;;;;;;;;;
68;-91;;;;;;;;;
69;-93;;;;;;;;;
70;-92;;;;;;;;;
71;-91;;;;;;;;;
72;-91;;;;;;;;;
73;-96;;;;;;;;;
74;-98;;;;;;;;;
75;-98;;;;;;;;;
76;-98;;;;;;;;;
77;-101;;;;;;;;;
78;-103;;;;;;;;;
79;-100;;;;;;;;;
80;-99;;;;;;;;;
82;-101;;;;;;;;;
83;-96;;;;;;;;;
84;-93;;;;;;;;;
85;-91;;;;;;;;;
86;-90;;;;;;;;;
87;-9;;;;;;;;;
G;98994;59;13:33:7:0;51.452.178.333;5.486.633.333;8;A;9292;;
49;-82;;;;;;;;;
50;-86;;;;;;;;;
51;-86;;;;;;;;;
52;-86;;;;;;;;;
53;-85;;;;;;;;;
54;-85;;;;;;;;;
55;-86;;;;;;;;;
56;-85;;;;;;;;;
57;-87;;;;;;;;;
58;-86;;;;;;;;;
59;-85;;;;;;;;;
60;-7;;;;;;;;;
61;-85;;;;;;;;;
62;-85;;;;;;;;;
63;-85;;;;;;;;;
64;-84;;;;;;;;;
65;-82;;;;;;;;;
66;-83;;;;;;;;;
67;-83;;;;;;;;;
68;-83;;;;;;;;;
69;-83;;;;;;;;;
70;-81;;;;;;;;;
71;-82;;;;;;;;;
72;-82;;;;;;;;;
G;98994;59;13:33:7:0;51.452.178.333;5.486.633.333;8;A;9292;;
73;-80;;;;;;;;;
74;-80;;;;;;;;;
75;-81;;;;;;;;;
76;-80;;;;;;;;;
77;-79;;;;;;;;;
78;-80;;;;;;;;;
79;-79;;;;;;;;;
80;-78;;;;;;;;;
82;-79;;;;;;;;;
83;-79;;;;;;;;;
84;-77;;;;;;;;;
85;-78;;;;;;;;;
86;-76;;;;;;;;;
87;-77;;;;;;;;;
88;-77;;;;;;;;;
90LKW6;;;;;;;;;;
9?;?7??;;;;;;;;;
92;-76;;;;;;;;;
93;-76;;;;;;;;;
94;-77;;;;;;;;;
15;-77;;;;;;;;;
j?N??R??@???);;;;;;;;;;
B;33073;75;13:33:9:97;51.451.360.000;5.486.643.333;3;A;92l7];;
59;-94;;;;;;;;;
60;-97;;;;;;;;;
61;-99;;;;;;;;;
62;-99;;;;;;;;;
63;-98;;;;;;;;;
64;-97;;;;;;;;;
66;-98;;;;;;;;;
67;-98;;;;;;;;;
68;-99;;;;;;;;;
69;-100;;;;;;;;;
70;-100;;;;;;;;;
71;-100;;;;;;;;;
72;-100;;;;;;;;;
73;-101;;;;;;;;;
74;-100;;;;;;;;;
75;-100;;;;;;;;;
76;-99;;;;;;;;;
77;-99;;;;;;;;;
78;-99;;;;;;;;;
79;-97;;;;;;;;;
80;-99;;;;;;;;;
82;-100;;;;;;;;;
83;-100;;;;;;;;;
C;58977;71;13:33:11:0;51.451.371.667;5.485.870.000;10;A;9292;;
65;-99;;;;;;;;;
67;-100;;;;;;;;;
68;-101;;;;;;;;;
69;-101;;;;;;;;;
70;-100;;;;;;;;;
?R;-100;;;;;;;;;
72;-102;;;;;;;;;
73;-103;;;;;;;;;
74;-100;;;;;;;;;
75;-104;;;;;;;;;
76;-101;;;;;;;;;
77;-103;;;;;;;;;
79;-100;;;;;;;;;
80;-102;;;;;;;;;
82;-99;;;;;;;;;
83;-102;;;;;;;;;
84;-100;;;;;;;;;
85;-102;;;;;;;;;
86;-102;;;;;;;;;
87;-101;;;;;;;;;
88;-104;;;;;;;;;
89;-102;;;;;;;;;
C;58977;71;13:33:11:0;51.451.371.667;5.485.870.000;10;A;9292;;
90;-102;;;;;;;;;
y5;-103;;;;;;;;;
92;-101;;;;;;;;;
93;-101;;;;;;;;;
95;-102;;;;;;;;;
96;-102;;;;;;;;;
97;-99;;;;;;;;;
98;-102;;;;;;;;;
99;-102;;;;;;;;;
100;-100;;;;;;;;;
101;-103;;;;;;;;;
102;-101;;;;;;;;;
103;-99;;;;;;;;;
104;-98;;;;;;;;;
105;-102;;;;;;;;;
106;-101;;;;;;;;;
107;-100;;;;;;;;;
108;-1?8m4?T?}~.n??{?U?)0*?n?-b?2;;;;;;;;;
E;32828;67;13:33:14:0;51.451.798.333;5.486.191.667;7;A;9292;;
81;-98;;;;;;;;;
82;-95;;;;;;;;;
83;-95;;;;;;;;;
84;-96;;;;;;;;;
85;-100;;;;;;;;;
86;-98;;;;;;;;;
87;-99;;;;;;;;;
88;-98;;;;;;;;;
90;-99;;;;;;;;;
91;-99;;;;;;;;;
92;-100;;;;;;;;;
93;-100;;;;;;;;;
94;-98;;;;;;;;;
95;-94;;;;;;;;;
96;-97;;;;;;;;;
97;-95;;;;;;;;;
98;-93;;;;;;;;;
99;-94;;;;;;;;;
100;-92;;;;;;;;;
101;-93;;;;;;;;;
102;-93;;;;;;;;;
103;-93;;;;;;;;;
104;-92;;;;;;;;;
E;32828;67;13:33:14:0;51.451.798.333;5.486.191.667;7;A;9292;;
105;-91;;;;;;;;;
106;-94;;;;;;;;;
107;-94;;;;;;;;;
108;-94;;;;;;;;;
109;-93;;;;;;;;;
110;-93;;;;;;;;;
111;-94;;;;;;;;;
112;-97;;;;;;;;;
114;-94;;;;;;;;;
115;-95;;;;;;;;;
116;-94;;;;;;;;;
117;-94;;;;;;;;;
118;-94;;;;;;;;;
119;-93;;;;;;;;;
120;-95;;;;;;;;;
121;-94;;;;;;;;;
122;-94;;;;;;;;;
123;-93;;;;;;;;;
124;-94;;;;;;;;;
?12?/D?????.?yX$*?f??p??S;;;;;;;;;;
F;75450;59;13:33:16:0;51.452.178.333;5.485.840.000;9;A;9292;;
89;-95;;;;;;;;;
90;-101;;;;;;;;;
91;-101;;;;;;;;;
92;-100;;;;;;;;;
93;-100;;;;;;;;;
94;-95;;;;;;;;;
95;-94;;;;;;;;;
96;-97;;;;;;;;;
97;-100;;;;;;;;;
98;-103;;;;;;;;;
99;-101;;;;;;;;;
100;-100;;;;;;;;;
101;-100;;;;;;;;;
102;-101;;;;;;;;;
103;-98;;;;;;;;;
104;-94;;;;;;;;;
105;-91;;;;;;;;;
106;-93;;;;;;;;;
107;-96;;;;;;;;;
108;-98;;;;;;;;;
109;-97;;;;;;;;;
110;-99;;;;;;;;;
F;75450;59;13:33:16:0;51.452.178.333;5.485.840.000;9;A;9292;;
111;-98;;;;;;;;;
112;-97;;;;;;;;;
114;-96;;;;;;;;;
115;-96;;;;;;;;;
116;-94;;;;;;;;;
117;-93;;;;;;;;;
118;-95;;;;;;;;;
119;-96;;;;;;;;;
120;-97;;;;;;;;;
121;-95;;;;;;;;;
122;-95;;;;;;;;;
123;-96;;;;;;;;;
124;-97;;;;;;;;;
125;-95;;;;;;;;;
126;-94;;;;;;;;;
127;-96;;;;;;;;;
128;-102;;;;;;;;;
130;-100;;;;;;;;;
?q?1?h?;?A???O??????AS;;;;;;;;;
F;75450;59|D?Qu?Pw2?1???????G;98994;60;13:18:0;51.452.176.667;5.4???33333;8;A;9292
"97??7>>	:8->6";;;;;;;;;;
99;-76;;;;;;;;;
100;-75;;;;;;;;;
101;-1Rm;;;;;;;;;
102;-73;;;;;;;;;
103;-73;;;;;;;;;
104;-72;;;;;;;;;
105;-70;;;;;;;;;
106;-69;;;;;;;;;
107;-68;;;;;;;;;
108;-67;;;;;;;;;
109;-67;;;;;;;;;
110;-67;;;;;;;;;
111;-67;;;;;;;;;
112;-67;;;;;;;;;
113;-68;;;;;;;;;
114;-67;;;;;;;;;
115;-69;;;;;;;;;
11v(i27f=17;65;;;;;;;;;
118;-67;;;;;;;;;
G;98994;60;13:33:18:0;51.452.176.667;5.486.633.333;8;A;9292;;
119;-68;;;;;;;;;
120;-67;;;;;;;;;
121;-67;;;;;;;;;
122;-67;;;;;;;;;
123;-68;;;;;;;;;
124;-68;;;;;;;;;
125;-67;;;;;;;;;
126;-72;;;;;;;;;
127;-66;;;;;;;;;
128;-63;;;;;;;;;
130;-68;;;;;;;;;
131;-76;;;;;;;;;
132;-70;;;;;;;;;
133;-77;;;;;;;;;
134;-73;;;;;;;;;
135;-72;;;;;;;;;
136;-66;;;;;;;;;
139;-74;;;;;;;;;
140;-???h??&p?W?-?d?l????V?;;;;;;;;;
"?d?;W?";;;;;;;;;;
B;33073;76;13:33:19:8;51.45138133;5.486.621.667;9;A;92;;
10;-100;;;;;;;;;
106;-101;;;;;;;;;
107;-10P;;;;;;;;;
108;-103;;;;;;;;;
109;-103;;;;;;;;;
115;-103;;;;;;;;;
511;-103;;;;;;;;;
11b|}403;;;;;;;;;;
114;-101;;;;;;;;;
115;-10#;;;;;;;;;
118;-99???ylm101;;;;;;;;;
qv1;-15r;;;;;;;;;
??ZL+W62;;;;;;;;;;
!??;-104;;;;;;;;;
128;-100;;;;;;;;;
!31;-101;;;;;;;;;
133<- 0 ;;;;;;;;;;
133;-104;;;;;;;;;
B;33073;76;13:33:19:8;51.451.348.333;5.486.621.667;9;A;92;;
134;-103;;;;;;;;;
135;-100;;;;;;;;;
13v;-102;;;;;;;;;
137;-103;;;;;;;;;
140;-101;;;;;;;;;
$15;-100;;;;;;;;;
14.-102;;;;;;;;;;
143;"-10""";;;;;;;;;
145;-102;;;;;;;;;
146;-101;;;;;;;;;
147;-101;;;;;;;;;
148;?99?;;;;;;;;;
1?9;-10Qm150;;102;;;;;;;
151;-97;;;;;;;;;
C;58977;72;13:33:21:0;51.451.371.667;5.485.870.000;10;A;9292;;
114;-101;;;;;;;;;
115;-101;;;;;;;;;
116;-102;;;;;;;;;
117;-98;;;;;;;;;
118;-103;;;;;;;;;
119;-99;;;;;;;;;
120;-100;;;;;;;;;
121;-99;;;;;;;;;
122;-101;;;;;;;;;
123;-100;;;;;;;;;
124;-100;;;;;;;;;
125;-100;;;;;;;;;
126;-101;;;;;;;;;
127;-99;;;;;;;;;
128;-99;;;;;;;;;
130;-102;;;;;;;;;
131;-100;;;;;;;;;
132;-99;;;;;;;;;
133;-101;;;;;;;;;
134;-99;;;;;;;;;
C;58977;72;13:33:21:0;51.451.371.667;5.485.870.000;10;A;9292;;
135;-98;;;;;;;;;
136;-101;;;;;;;;;
137;-101;;;;;;;;;
138;-100;;;;;;;;;
139;-99;;;;;;;;;
140;-98;;;;;;;;;
141;-99;;;;;;;;;
142;-97;;;;;;;;;
143;-100;;;;;;;;;
144;-100;;;;;;;;;
145;-100;;;;;;;;;
146;-99;;;;;;;;;
147;-102;;;;;;;;;
148;-97;;;;;;;;;
149;-101;;;;;;;;;
150;-99;;;;;;;;;
151;-99;;;;;;;;;
152;-91?^22Ox59?J??0????;;;;;;;;;
C;58977;72;"13:}??4""????????????&0000";40;G;91?2;;;;
Y5f?-Q?7;;;;;;;;;;
"	}5??%??0?:?52/?134";;;;;;;;;;
"1?;<	90`?";;;;;;;;;;
???l.??d;;;;;;;;;;
E;32828;68;13:33:25:0;51.451.793.333;5.486.191.667;7;A;9292;;
130;-93;;;;;;;;;
131;-96;;;;;;;;;
132;-97;;;;;;;;;
133;-96;;;;;;;;;
134;-97;;;;;;;;;
135;-94;;;;;;;;;
136;-95;;;;;;;;;
139;-95;;;;;;;;;
140;-98;;;;;;;;;
141;-92;;;;;;;;;
142;-94;;;;;;;;;
143;-97;;;;;;;;;
144;-95;;;;;;;;;
146;-94;;;;;;;;;
147;-98;;;;;;;;;
148;-96;;;;;;;;;
149;-94;;;;;;;;;
150;-97;;;;;;;;;
151;-96;;;;;;;;;
152;-96;;;;;;;;;
153;-95;;;;;;;;;
154;-97;;;;;;;;;
E;32828;68;13:33:25:0;51.451.793.333;5.486.191.667;7;A;9292;;
155;-95;;;;;;;;;
156;-97;;;;;;;;;
157;-95;;;;;;;;;
158;-98;;;;;;;;;
159;-99;;;;;;;;;
160;-96;;;;;;;;;
164;-95;;;;;;;;;
165;-96;;;;;;;;;
166;-98;;;;;;;;;
167;-98;;;;;;;;;
168;-95;;;;;;;;;
169;-99;;;;;;;;;
170;-100;;;;;;;;;
171;-98;;;;;;;;;
172;-98;;;;;;;;;
173;-102;;;;;;;;;
174;-96;;;;;;;;;
17%;-102M;;;;;;;;;
??/?Q)?>;;;;;;;;;;
F;75450;60;13:33:26:0;51.452.178.333;5.485.840.000;9;A;9292;;
139;-95;;;;;;;;;
140;-96;;;;;;;;;
141;-98;;;;;;;;;
142;-96;;;;;;;;;
143;-96;;;;;;;;;
144;-103;;;;;;;;;
146;-95;;;;;;;;;
147;-97;;;;;;;;;
148;-96;;;;;;;;;
149;-97;;;;;;;;;
150;-97;;;;;;;;;
151;-99;;;;;;;;;
152;-96;;;;;;;;;
153;-97;;;;;;;;;
154;-95;;;;;;;;;
155;-95;;;;;;;;;
156;-94;;;;;;;;;
157;-92;;;;;;;;;
158;-91;;;;;;;;;
159;-93;;;;;;;;;
160;-97;;;;;;;;;
F;75450;60;13:33:26:0;51.452.178.333;5.485.840.000;9;A;9292;;
162;-95;;;;;;;;;
163;-98;;;;;;;;;
164;-97;;;;;;;;;
165;-92;;;;;;;;;
166;-92;;;;;;;;;
167;-91;;;;;;;;;
168;-91;;;;;;;;;
169;-94;;;;;;;;;
170;-93;;;;;;;;;
171;-92;;;;;;;;;
172;-88;;;;;;;;;
173;-89;;;;;;;;;
174;-90;;;;;;;;;
175;-91;;;;;;;;;
176;-93;;;;;;;;;
178;-92;;;;;;;;;
179;-89;;;;;;;;;
180;-89;;;;;;;;;
181;-89;;;;;;;;;
"?18??F????1?;c?";;;;;;;;;;
G;98994;61;13:33:28:0;51.452.163.333;5.4866333?3;8;A;9292;;
?4?L-7<;;;;;;;;;;
147;-;;;;;;;;;
";4(-7`?171	.?4";953?-77;;;;;;;;;
X?1;$3&-94R$-g);;;;;;;;;
4y?;?7;;;;;;;;;
?!U4;?t;;;;;;;;;
?54?%77K?45|<.2=??%4?-3Z?58?(?4m?!P9`??;;;;;;;;;;
Z?64}?7V;;;;;;;;;;
1d?;.2?;;;;;;;;;
#=>2%;;;;;;;;;;
16 m<3;?967?-?\;;;;;;;;;
2:5|?75hF1=?;#NAME?;;;;;;;;;
3127/';;;;;;;;;;
G;98994;61;13:33:28:0;51.452.163.333;5.486.633.333;8;A;9292;;
168;-75;;;;;;;;;
169;-78;;;;;;;;;
170;-78;;;;;;;;;
171;-79;;;;;;;;;
172;-77;;;;;;;;;
173;-77;;;;;;;;;
174;-77;;;;;;;;;
175;-77;;;;;;;;;
176;-77;;;;;;;;;
178;-77;;;;;;;;;
179;-77;;;;;;;;;
180;-78;;;;;;;;;
181;-77;;;;;;;;;
182;-77;;;;;;;;;
183;-77;;;;;;;;;
184;-78;;;;;;;;;
186;-78;;;;;;;;;
187;-79;;;;;;;;;
1h?4:5?W8|^akh?#?1????t5/0;;;;;;;;;;
G;9???T???p??uK9XC;58977;73;13:33:31:0;51.451.371.667;5.485.870.000;10;A;9292;
164;-99;;;;;;;;;
165;-102;;;;;;;;;
166;-100;;;;;;;;;
167;-103;;;;;;;;;
168;-101;;;;;;;;;
170;-102;;;;;;;;;
172;-98;;;;;;;;;
173;-101;;;;;;;;;
174;-103;;;;;;;;;
175;-102;;;;;;;;;
176;-101;;;;;;;;;
178;-100;;;;;;;;;
179;-101;;;;;;;;;
181;-102;;;;;;;;;
182;-101;;;;;;;;;
183;-97;;;;;;;;;
184;-100;;;;;;;;;
185;-97;;;;;;;;;
186;-100;;;;;;;;;
188;-100;;;;;;;;;
C;58977;73;13:33:31:0;51.451.371.667;5.485.870.000;10;A;9292;;
189;-100;;;;;;;;;
190;-102;;;;;;;;;
191;-99;;;;;;;;;
192;-102;;;;;;;;;
193;-97;;;;;;;;;
195;-97;;;;;;;;;
196;-102;;;;;;;;;
197;-102;;;;;;;;;
198;-98;;;;;;;;;
?u?;-103;;;;;;;;;
200;-99;;;;;;;;;
201;-100;;;;;;;;;
202;-100;;;;;;;;;
203;-100;;;;;;;;;
204;-102;;;;;;;;;
205;-99;;;;;;;;;
206;-99;;;;;;;;;
?<??O`/?:;;;;;;;;;;
E;32828;69;13:33:35:0;51.451.795.000;5.486.191.667;6;A;9292;;
178;-93;;;;;;;;;
179;-94;;;;;;;;;
180;-95;;;;;;;;;
181;-94;;;;;;;;;
182;-97;;;;;;;;;
183;-97;;;;;;;;;
??;-102;;;;;;;;;
186;-97;;;;;;;;;
187;-98;;;;;;;;;
188;-95;;;;;;;;;
189;-98;;;;;;;;;
190;-98;;;;;;;;;
191;-101;;;;;;;;;
192;-99;;;;;;;;;
195;-96;;;;;;;;;
196;-97;;;;;;;;;
198;-101;;;;;;;;;
199;-100;;;;;;;;;
200;-98;;;;;;;;;
201;-99;;;;;;;;;
202;-96;;;;;;;;;
E;32828;69;13:33:35:0;51.451.795.000;5.486.191.667;6;A;9292;;
203;-94;;;;;;;;;
204;-102;;;;;;;;;
205;-95;;;;;;;;;
206;-98;;;;;;;;;
207;-94;;;;;;;;;
208;-98;;;;;;;;;
210;-92;;;;;;;;;
211;-97;;;;;;;;;
212;-94;;;;;;;;;
213;-98;;;;;;;;;
214;-98;;;;;;;;;
215;-93;;;;;;;;;
216;-96;;;;;;;;;
217;-99;;;;;;;;;
218;-101;;;;;;;;;
219;-100;;;;;;;;;
220;-97;;;;;;;;;
221;-98;;;;;;;;;
22???6?:G??\;;;;;;;;;;
F;75450;61;13:33:38:0;51.452.178.333;5.485.840.000;9;A;9292;;
186;-91;;;;;;;;;
187;-96;;;;;;;;;
188;-103;;;;;;;;;
189;-103;;;;;;;;;
190;-97;;;;;;;;;
191;-93;;;;;;;;;
192;-92;;;;;;;;;
195;-89;;;;;;;;;
196;-89;;;;;;;;;
197;-90;;;;;;;;;
198;-94;;;;;;;;;
199;-95;;;;;;;;;
200;-97;;;;;;;;;
201;-98;;;;;;;;;
202;-100;;;;;;;;;
203;-102;;;;;;;;;
204;-101;;;;;;;;;
205;-94;;;;;;;;;
206;-95;;;;;;;;;
207;-99;;;;;;;;;
208;-102;;;;;;;;;
F;75450;61;13:33:38:0;51.452.178.333;5.485.840.000;9;A;9292;;
211;-96;;;;;;;;;
212;-92;;;;;;;;;
213;-92;;;;;;;;;
214;-92;;;;;;;;;
215;-93;;;;;;;;;
216;-95;;;;;;;;;
217;-101;;;;;;;;;
218;-96;;;;;;;;;
219;-93;;;;;;;;;
220;-94;;;;;;;;;
221;-93;;;;;;;;;
222;-92;;;;;;;;;
223;-92;;;;;;;;;
224;-94;;;;;;;;;
226;-97;;;;;;;;;
227;-91;;;;;;;;;
228;-88;;;;;;;;;
229;-89;;;;;;;;;
230;???=???w&;;;;;;;;;
G;98994;62;13:33:38:0;51.452.160.000;5.486.626.667;7;A;9292;;
195;-79;;;;;;;;;
196;-81;;;;;;;;;
197;-81;;;;;;;;;
198;-82;;;;;;;;;
199;-83;;;;;;;;;
200;-82;;;;;;;;;
201;-82;;;;;;;;;
202;-81;;;;;;;;;
203;-80;;;;;;;;;
204;-82;;;;;;;;;
205;-81;;;;;;;;;
206;-82;;;;;;;;;
207;-83;;;;;;;;;
208;-83;;;;;;;;;
209;-83;;;;;;;;;
210;-83;;;;;;;;;
211;-83;;;;;;;;;
212;-82;;;;;;;;;
213;-83;;;;;;;;;
214;-84;;;;;;;;;
215;-83;;;;;;;;;
216;-84;;;;;;;;;
G;98994;62;13:33:38:0;51.452.160.000;5.486.626.667;7;A;9292;;
217;-83;;;;;;;;;
218;-83;;;;;;;;;
219;-84;;;;;;;;;
220;-84;;;;;;;;;
221;-84;;;;;;;;;
222;-84;;;;;;;;;
223;-85;;;;;;;;;
224;-86;;;;;;;;;
226;-88;;;;;;;;;
227;-88;;;;;;;;;
228;-86;;;;;;;;;
229;-87;;;;;;;;;
230;-88;;;;;;;;;
231;-87;;;;;;;;;
232;-88;;;;;;;;;
234;-88;;;;;;;;;
235;-88;;;;;;;;;
236;-88;;;;;;;;;
2???e}??03&6??B;16686;2;13:33:40:38;51.451.358.333;5.486.630.000;9;A;9292;;
201;-96;;;;;;;;;
202;-97;;;;;;;;;
203;-95;;;;;;;;;
204;-95;;;;;;;;;
205;-95;;;;;;;;;
206;-97;;;;;;;;;
207;-95;;;;;;;;;
208;-94;;;;;;;;;
210;-99;;;;;;;;;
211;-99;;;;;;;;;
212;-101;;;;;;;;;
213;-99;;;;;;;;;
214;-101;;;;;;;;;
215;-102;;;;;;;;;
216;-101;;;;;;;;;
217;-99;;;;;;;;;
21<(m100;;;;;;;;;;
"""19";-100;;;;;;;;;
220;-101;;;;;;;;;
221;-103;;;;;;;;;
223;-102;;;;;;;;;
B;16686;2;13:33:40:38;51.45358333;5.486.630.000;9;A;9292;;
234;-103;;;;;;;;;
226?-101;;;;;;;;;;
227;-99;;;;;;;;;
228;-98;;;;;;;;;
229;-99;;;;;;;;;
230;-97;;;;;;;;;
231;-98;;;;;;;;;
232;-98;;;;;;;;;
233;-99;;;;;;;;;
234;-99;;;;;;;;;
235;-99;;;;;;;;;
236;-98;;;;;;;;;
237;-100;;;;;;;;;
2??;?98;;;;;;;;;
246;-103;;;;;;;;;
241;-103;;;;;;;;;
242;-98;;;;;;;;;
243;-Q???5?<??*Rg`??k???;;;;;;;;;
C;58977;74;13:33:42:0;51.451.371.667;5.485.870.000;10;A;9292;;
210;-94;;;;;;;;;
211;-97;;;;;;;;;
212;-98;;;;;;;;;
213;-97;;;;;;;;;
214;-99;;;;;;;;;
215;-94;;;;;;;;;
216;-99;;;;;;;;;
217;-98;;;;;;;;;
218;-97;;;;;;;;;
219;-99;;;;;;;;;
220;-97;;;;;;;;;
221;-100;;;;;;;;;
222;-99;;;;;;;;;
223;-99;;;;;;;;;
224;-99;;;;;;;;;
226;-99;;;;;;;;;
227;-99;;;;;;;;;
228;-98;;;;;;;;;
229;-99;;;;;;;;;
230;-99;;;;;;;;;
231;-101;;;;;;;;;
C;58977;74;13:33:42:0;51.451.371.667;5.485.870.000;10;A;9292;;
232;-100;;;;;;;;;
233;-98;;;;;;;;;
234;-99;;;;;;;;;
235;-97;;;;;;;;;
236;-99;;;;;;;;;
237;-99;;;;;;;;;
238;-98;;;;;;;;;
239;-100;;;;;;;;;
240;-99;;;;;;;;;
241;-100;;;;;;;;;
242;-101;;;;;;;;;
243;-103;;;;;;;;;
245;-101;;;;;;;;;
246;-102;;;;;;;;;
247;-102;;;;;;;;;
248;-99;;;;;;;;;
250;-97;;;;;;;;;
251;-101>????? ?@?Sn?4;;;;;;;;;
C;58977;74;"13:33:$?f""?%u?f??XcO""?:g/=";;;;;;;
D??i?9;1;A;9292;;;;;;;
254;-97;;;;;;;;;
255;-99;;;;;;;;;
E;32828;70;13:33:45:0;51.451.798.333;5.486.193.333;6;A;9292;;
226;-90;;;;;;;;;
227;-91;;;;;;;;;
228;-92;;;;;;;;;
229;-89;;;;;;;;;
230;-92;;;;;;;;;
231;-93;;;;;;;;;
232;-92;;;;;;;;;
234;-93;;;;;;;;;
235;-89;;;;;;;;;
236;-91;;;;;;;;;
237;-89;;;;;;;;;
238;-89;;;;;;;;;
239;-88;;;;;;;;;
240;-87;;;;;;;;;
242;-88;;;;;;;;;
243;-89;;;;;;;;;
244;-87;;;;;;;;;
245;-86;;;;;;;;;
246;-86;;;;;;;;;
247;-86;;;;;;;;;
248;-86;;;;;;;;;
250;-87;;;;;;;;;
E;32828;70;13:33:45:0;51.451.798.333;5.486.193.333;6;A;9292;;
251;-88;;;;;;;;;
252;-88;;;;;;;;;
253;-88;;;;;;;;;
254;-90;;;;;;;;;
255;-89;;;;;;;;;
256;-88;;;;;;;;;
259;-84;;;;;;;;;
260;-86;;;;;;;;;
261;-85;;;;;;;;;
262;-86;;;;;;;;;
263;-86;;;;;;;;;
264;-85;;;;;;;;;
265;-88;;;;;;;;;
266;-88;;;;;;;;;
267;-87;;;;;;;;;
268;-88;;;;;;;;;
269;-90;;;;;;;;;
270;-90;;;;;;;;;
2??$?MQ;;;;;;;;;;
F;75450;62;13:33:47:0;51.452.178.333;5.485.840.000;9;A;9292;;
234;-88;;;;;;;;;
235;-88;;;;;;;;;
236;-89;;;;;;;;;
237;-91;;;;;;;;;
238;-93;;;;;;;;;
239;-96;;;;;;;;;
240;-96;;;;;;;;;
242;-93;;;;;;;;;
243;-94;;;;;;;;;
244;-94;;;;;;;;;
245;-99;;;;;;;;;
246;-103;;;;;;;;;
247;-101;;;;;;;;;
248;-98;;;;;;;;;
249;-94;;;;;;;;;
250;-94;;;;;;;;;
251;-97;;;;;;;;;
252;-103;;;;;;;;;
253;-102;;;;;;;;;
254;-100;;;;;;;;;
255;-102;;;;;;;;;
F;75450;62;13:33:47:0;51.452.178.333;5.485.840.000;9;A;9292;;
256;-102;;;;;;;;;
257;-96;;;;;;;;;
259;-92;;;;;;;;;
260;-90;;;;;;;;;
261;-89;;;;;;;;;
262;-89;;;;;;;;;
263;-90;;;;;;;;;
264;-91;;;;;;;;;
265;-91;;;;;;;;;
266;-91;;;;;;;;;
267;-91;;;;;;;;;
268;-91;;;;;;;;;
269;-93;;;;;;;;;
270;-95;;;;;;;;;
271;-96;;;;;;;;;
272;-100;;;;;;;;;
274;-88;;;;;;;;;
275;-88;;;;;;;;;
"276$???p6&v?ZM2;~m?H?\??\???B??";;;;;;;;;;
G;98994;63;13:33:49:0;51.452.171.667;5.486.636.667;8;A;9292;;
242;-86;;;;;;;;;
243;-89;;;;;;;;;
244;-89;;;;;;;;;
245;-89;;;;;;;;;
246;-90;;;;;;;;;
247;-89;;;;;;;;;
248;-89;;;;;;;;;
249;-88;;;;;;;;;
250;-88;;;;;;;;;
251;-88;;;;;;;;;
252;-88;;;;;;;;;
253;-88;;;;;;;;;
254;-89;;;;;;;;;
255;-90;;;;;;;;;
256;-89;;;;;;;;;
257;-92;;;;;;;;;
258;-92;;;;;;;;;
259;-93;;;;;;;;;
260;-98;;;;;;;;;
261;-96;;;;;;;;;
262;-94;;;;;;;;;
263;-96;;;;;;;;;
G;98994;63;13:33:49:0;51.452.171.667;5.486.636.667;8;A;9292;;
264;-94;;;;;;;;;
265;-92;;;;;;;;;
266;-95;;;;;;;;;
267;-93;;;;;;;;;
268;-93;;;;;;;;;
269;-93;;;;;;;;;
270;-94;;;;;;;;;
271;-94;;;;;;;;;
272;-95;;;;;;;;;
274;-95;;;;;;;;;
275;-96;;;;;;;;;
276;-97;;;;;;;;;
277;-94;;;;;;;;;
278;-97;;;;;;;;;
279;-96;;;;;;;;;
280;-98;;;;;;;;;
282;-94;;;;;;;;;
283;-95;;;;;;;;;
2h4d;]??Ax?O;;;;;;;;;
"?)?1???w??|2??	";;;;;;;;;;
G;9x????:po?j???KsD@????????4967;5.486.636.667;8;A;9292;;;;;
;;;;;;;;;;
B;16686;3;13:33:50:0;51.451.363.333;5.486.613.333;9;A;9292;;
>??;-101;;;;;;;;;
252;-102;;;;;;;;;
254;?10m;;;;;;;;;
255;-100;;;;;;;;;
256;-99;;;;;;;;;
259;-98;;;;;;;;;
260;-99;;;;;;;;;
#70;-99;;;;;;;;;
266;-;;;;;;;;;
263;-98;;;;;;;;;
264;-99;;;;;;;;;
265;-99;;;;;;;;;
3?6;-9<?J267;-98;;;;;;;;
268;-97;;;;;;;;;
269;-95?B;16686;3;13:33:50:0;51.451.363.333;5.486.613.333;9;A;9292;
276;-99;;;;;;;;;
277;-101;;;;;;;;;
278;-102;;;;;;;;;
279;-101;;;;;;;;;
280;-100;;;;;;;;;
281;-99;;;;;;;;;
282;-99;;;;;;;;;
283;-96;;;;;;;;;
284;-96;;;;;;;;;
285;-97;;;;;;;;;
286;-98;;;;;;;;;
287;-99;;;;;;;;;
288;-98;;;;;;;;;
2?84%99;;;;;;;;;;
290;-99;;;;;;;;;
:91;-98;;;;;;;;;
292;-98;;;;;;;;;
r=w;-96];;;;;;;;;
29<?'YO?>?]??Y???;;;;;;;;;;
C;58977;75;13:33:52:0;51.451.371.667;5.485.870.000;10;A;9292;;
259;-97;;;;;;;;;
260;-97;;;;;;;;;
261;-95;;;;;;;;;
262;-98;;;;;;;;;
263;-97;;;;;;;;;
264;-97;;;;;;;;;
265;-100;;;;;;;;;
266;-99;;;;;;;;;
267;-98;;;;;;;;;
268;-99;;;;;;;;;
269;-98;;;;;;;;;
270;-98;;;;;;;;;
271;-95;;;;;;;;;
272;-96;;;;;;;;;
274;-96;;;;;;;;;
275;-96;;;;;;;;;
276;-95;;;;;;;;;
277;-97;;;;;;;;;
278;-97;;;;;;;;;
279;-96;;;;;;;;;
280;-96;;;;;;;;;
C;58977;75;13:33:52:0;51.451.371.667;5.485.870.000;10;A;9292;;
281;-98;;;;;;;;;
282;-96;;;;;;;;;
283;-98;;;;;;;;;
284;-97;;;;;;;;;
285;-99;;;;;;;;;
286;-97;;;;;;;;;
287;-98;;;;;;;;;
288;-97;;;;;;;;;
289;-95;;;;;;;;;
290;-94;;;;;;;;;
291;-94;;;;;;;;;
292;-94;;;;;;;;;
293;-95;;;;;;;;;
294;-94;;;;;;;;;
295;-96;;;;;;;;;
296;-96;;;;;;;;;
298;-96;;;;;;;;;
299;-96;;;;;;;;;
300;-97?38M?????8{??1MD?51G??!8?;;;;;;;;;
E;32828;71;13:33:57:0;51.451.801.667;5.486.193.333;7;A;9292;;
274;-92;;;;;;;;;
275;-97;;;;;;;;;
276;-94;;;;;;;;;
277;-94;;;;;;;;;
278;-93;;;;;;;;;
279;-95;;;;;;;;;
280;-95;;;;;;;;;
282;-86;;;;;;;;;
283;-87;;;;;;;;;
284;-87;;;;;;;;;
285;-86;;;;;;;;;
286;-88;;;;;;;;;
287;-86;;;;;;;;;
288;-86;;;;;;;;;
291;-87;;;;;;;;;
292;-85;;;;;;;;;
293;-84;;;;;;;;;
294;-84;;;;;;;;;
295;-84;;;;;;;;;
296;-84;;;;;;;;;
298;-84;;;;;;;;;
299;-83;;;;;;;;;
E;32828;71;13:33:57:0;51.451.801.667;5.486.193.333;7;A;9292;;
300;-83;;;;;;;;;
301;-83;;;;;;;;;
302;-82;;;;;;;;;
303;-82;;;;;;;;;
304;-82;;;;;;;;;
306;-84;;;;;;;;;
307;-84;;;;;;;;;
308;-83;;;;;;;;;
309;-83;;;;;;;;;
310;-83;;;;;;;;;
311;-84;;;;;;;;;
312;-84;;;;;;;;;
313;-85;;;;;;;;;
314;-85;;;;;;;;;
315;-85;;;;;;;;;
316;-85;;;;;;;;;
317;-85;;;;;;;;;
318;-86;;;;;;;;;
3??;?N?;;;;;;;;;
F;75450;63;13:33:57:0;51.452.178.333;5.485.840.000;9;A;9292;;
282;-96;;;;;;;;;
283;-97;;;;;;;;;
284;-97;;;;;;;;;
285;-94;;;;;;;;;
286;-92;;;;;;;;;
287;-91;;;;;;;;;
288;-90;;;;;;;;;
291;-96;;;;;;;;;
292;-96;;;;;;;;;
293;-95;;;;;;;;;
294;-94;;;;;;;;;
295;-94;;;;;;;;;
296;-94;;;;;;;;;
297;-99;;;;;;;;;
298;-102;;;;;;;;;
299;-102;;;;;;;;;
300;-100;;;;;;;;;
301;-99;;;;;;;;;
302;-98;;;;;;;;;
303;-100;;;;;;;;;
304;-97;;;;;;;;;
F;75450;63;13:33:57:0;51.452.178.333;5.485.840.000;9;A;9292;;
307;-97;;;;;;;;;
308;-95;;;;;;;;;
309;-93;;;;;;;;;
310;-92;;;;;;;;;
311;-93;;;;;;;;;
312;-95;;;;;;;;;
313;-100;;;;;;;;;
31T;-104;;;;;;;;;
315;-103;;;;;;;;;
316;-98;;;;;;;;;
317;-97;;;;;;;;;
318;-95;;;;;;;;;
319;-93;;;;;;;;;
320;-92;;;;;;;;;
322;-94;;;;;;;;;
323;-94;;;;;;;;;
324;-95;;;;;;;;;
325;-96;;;;;;;;;
32?;?8?:?T;;;;;;;;;
???K;;;;;;;;;;
G;98994;64;13:33:59:0;51.452.176.667;5.486.633.333;7;A;9292;;
291;-94;;;;;;;;;
292;-96;;;;;;;;;
293;-96;;;;;;;;;
294;-94;;;;;;;;;
295;-94;;;;;;;;;
296;-95;;;;;;;;;
297;-98;;;;;;;;;
298;-96;;;;;;;;;
299;-94;;;;;;;;;
300;-95;;;;;;;;;
301;-95;;;;;;;;;
302;-95;;;;;;;;;
303;-94;;;;;;;;;
304;-96;;;;;;;;;
305;-94;;;;;;;;;
306;-97;;;;;;;;;
307;-96;;;;;;;;;
308;-96;;;;;;;;;
309;-95;;;;;;;;;
310;-96;;;;;;;;;
311;-96;;;;;;;;;
312;-96;;;;;;;;;
G;98994;64;13:33:59:0;51.452.176.667;5.486.633.333;7;A;9292;;
313;-95;;;;;;;;;
314;-96;;;;;;;;;
315;-97;;;;;;;;;
316;-97;;;;;;;;;
317;-97;;;;;;;;;
318;-97;;;;;;;;;
319;-96;;;;;;;;;
320;-95;;;;;;;;;
322;-97;;;;;;;;;
323;-96;;;;;;;;;
324;-95;;;;;;;;;
325;-96;;;;;;;;;
326;-97;;;;;;;;;
327;-96;;;;;;;;;
328;-96;;;;;;;;;
330;-95;;;;;;;;;
331;-97;;;;;;;;;
332;-96;;;;;;;;;
"3#3??LX???&?9??.lo""";;;;;;;;;;
B;16686;4;13:34:1:0;51.451.348.333;5.486.626.667;9;A;9292;;
298;-89;;;;;;;;;
299;-90;;;;;;;;;
300;-92;;;;;;;;;
301;-93;;;;;;;;;
302;-93;;;;;;;;;
303;-94;;;;;;;;;
304;-94;;;;;;;;;
306;-95;;;;;;;;;
307;-96;;;;;;;;;
308;-97;;;;;;;;;
309;-98;;;;;;;;;
310;-101;;;;;;;;;
311;-103;;;;;;;;;
312;-101;;;;;;;;;
315;-102;;;;;;;;;
?16;-100;;;;;;;;;
317;-102;;;;;;;;;
318;-102;;;;;;;;;
319;-103;;;;;;;;;
320;-101;;;;;;;;;
322;-99;;;;;;;;;
B;16686;4;13:34:1:0;51.451.348.333;5.486.626.667;9;A;9292;;
323;-98;;;;;;;;;
324;-99;;;;;;;;;
325;-98;;;;;;;;;
326;-99;;;;;;;;;
327;-100;;;;;;;;;
328;-97;;;;;;;;;
329;-95;;;;;;;;;
330;-96;;;;;;;;;
331;-96;;;;;;;;;
332;-94;;;;;;;;;
333;-94;;;;;;;;;
334;-94;;;;;;;;;
335;-92;;;;;;;;;
336;-90;;;;;;;;;
337;-93;;;;;;;;;
338;-92;;;;;;;;;
339;-92;;;;;;;;;
340;-93;;;;;;;;;
341;"-9;?r?&?""?N[l?{???";;;;;;;;;
C;58977;76;13:34:2:0;51.451.371.667;5.485.870.000;10;A;9292;;
306;-94;;;;;;;;;
307;-100;;;;;;;;;
308;-102;;;;;;;;;
309;-100;;;;;;;;;
310;-99;;;;;;;;;
311;-99;;;;;;;;;
312;-102;;;;;;;;;
313;-101;;;;;;;;;
314;-100;;;;;;;;;
315;-100;;;;;;;;;
316;-96;;;;;;;;;
317;-100;;;;;;;;;
318;-98;;;;;;;;;
319;-99;;;;;;;;;
320;-98;;;;;;;;;
322;-101;;;;;;;;;
323;-103;;;;;;;;;
324;-102;;;;;;;;;
325;-102;;;;;;;;;
326;-98;;;;;;;;;
C;58977;76;13:34:2:0;51.451.371.667;5.485.870.000;10;A;9292;;
327;-101;;;;;;;;;
328;-99;;;;;;;;;
329;-95;;;;;;;;;
330;-95;;;;;;;;;
331;-96;;;;;;;;;
332;-96;;;;;;;;;
333;-97;;;;;;;;;
334;-97;;;;;;;;;
335;-95;;;;;;;;;
336;-94;;;;;;;;;
337;-95;;;;;;;;;
338;-94;;;;;;;;;
339;-94;;;;;;;;;
340;-94;;;;;;;;;
341;-94;;;;;;;;;
342;-97;;;;;;;;;
343;-96;;;;;;;;;
344;-95;;;;;;;;;
346;-93;;;;;;;;;
*?<?4???n??uC;58977;76;"13:34:??Vt?	D	?Lu5?C??.???Q???=z 10";A;9292;;;;;
349;-91;;;;;;;;;
350;-93;;;;;;;;;
351;-93;;;;;;;;;
E;32828;72;13:34:6:0;51.451.800.000;5.486.193.333;7;A;9292;;
322;-89;;;;;;;;;
323;-91;;;;;;;;;
324;-94;;;;;;;;;
325;-94;;;;;;;;;
326;-97;;;;;;;;;
327;-102;;;;;;;;;
328;-93;;;;;;;;;
330;-85;;;;;;;;;
331;-86;;;;;;;;;
332;-85;;;;;;;;;
333;-84;;;;;;;;;
334;-84;;;;;;;;;
335;-83;;;;;;;;;
336;-83;;;;;;;;;
338;-88;;;;;;;;;
339;-89;;;;;;;;;
340;-90;;;;;;;;;
341;-93;;;;;;;;;
342;-96;;;;;;;;;
343;-93;;;;;;;;;
344;-91;;;;;;;;;
346;-92;;;;;;;;;
E;32828;72;13:34:6:0;51.451.800.000;5.486.193.333;7;A;9292;;
347;-91;;;;;;;;;
348;-91;;;;;;;;;
349;-89;;;;;;;;;
350;-89;;;;;;;;;
351;-87;;;;;;;;;
352;-85;;;;;;;;;
355;-88;;;;;;;;;
356;-89;;;;;;;;;
357;-90;;;;;;;;;
358;-90;;;;;;;;;
359;-87;;;;;;;;;
360;-88;;;;;;;;;
361;-89;;;;;;;;;
362;-90;;;;;;;;;
363;-93;;;;;;;;;
364;-102;;;;;;;;;
365;-94;;;;;;;;;
366;-91;;;;;;;;;
36?;%??;;;;;;;;;
F;75450;64;13:34:9:0;51.452.175.000;5.485.840.000;9;A;9292;;
330;-91;;;;;;;;;
331;-91;;;;;;;;;
332;-91;;;;;;;;;
333;-92;;;;;;;;;
334;-91;;;;;;;;;
335;-91;;;;;;;;;
336;-91;;;;;;;;;
338;-93;;;;;;;;;
339;-91;;;;;;;;;
340;-92;;;;;;;;;
341;-91;;;;;;;;;
342;-91;;;;;;;;;
343;-91;;;;;;;;;
344;-91;;;;;;;;;
345;-92;;;;;;;;;
346;-92;;;;;;;;;
347;-93;;;;;;;;;
348;-93;;;;;;;;;
349;-93;;;;;;;;;
350;-94;;;;;;;;;
351;-96;;;;;;;;;
352;-97;;;;;;;;;
F;75450;64;13:34:9:0;51.452.175.000;5.485.840.000;9;A;9292;;
355;-99;;;;;;;;;
356;-98;;;;;;;;;
357;-98;;;;;;;;;
358;-96;;;;;;;;;
359;-96;;;;;;;;;
360;-97;;;;;;;;;
361;-95;;;;;;;;;
362;-97;;;;;;;;;
363;-96;;;;;;;;;
364;-98;;;;;;;;;
365;-99;;;;;;;;;
366;-98;;;;;;;;;
367;-97;;;;;;;;;
368;-99;;;;;;;;;
370;-101;;;;;;;;;
371;-101;;;;;;;;;
372;-97;;;;;;;;;
373;-98;;;;;;;;;
3?<l'?a?dl??;;;;;;;;;;
G;98994;65;13:34:9:0;51.452.175.000;5.486.633.333;8;A;9292;;
338;-95;;;;;;;;;
339;-95;;;;;;;;;
340;-97;;;;;;;;;
341;-95;;;;;;;;;
342;-98;;;;;;;;;
343;-95;;;;;;;;;
344;-95;;;;;;;;;
345;-94;;;;;;;;;
346;-95;;;;;;;;;
347;-95;;;;;;;;;
348;-96;;;;;;;;;
349;-96;;;;;;;;;
350;-95;;;;;;;;;
351;-96;;;;;;;;;
352;-96;;;;;;;;;
353;-99;;;;;;;;;
355;-101;;;;;;;;;
356;-99;;;;;;;;;
357;-97;;;;;;;;;
358;-101;;;;;;;;;
359;-100;;;;;;;;;
G;98994;65;13:34:9:0;51.452.175.000;5.486.633.333;8;A;9292;;
360;-101;;;;;;;;;
361;-98;;;;;;;;;
362;-98;;;;;;;;;
363;-97;;;;;;;;;
364;-95;;;;;;;;;
365;-97;;;;;;;;;
366;-96;;;;;;;;;
367;-97;;;;;;;;;
368;-97;;;;;;;;;
370;-98;;;;;;;;;
371;-96;;;;;;;;;
372;-96;;;;;;;;;
373;-94;;;;;;;;;
374;-96;;;;;;;;;
375;-94;;;;;;;;;
376;-96;;;;;;;;;
378;-95;;;;;;;;;
379;-99;;;;;;;;;
380;-98;;;;;;;;;
"??9};4??0BP??MtM?1'?k?";;;;;;;;;;
B;16686;5;13:34:11:0;51.451.351.667;5.486.620.000;9;A;9292;;
346;-95;;;;;;;;;
347;-96;;;;;;;;;
348;-96;;;;;;;;;
349;-96;;;;;;;;;
350;-96;;;;;;;;;
351;-95;;;;;;;;;
352;-95;;;;;;;;;
355;-93;;;;;;;;;
356;-93;;;;;;;;;
357;-93;;;;;;;;;
358;-96;;;;;;;;;
359;-96;;;;;;;;;
360;-95;;;;;;;;;
361;-96;;;;;;;;;
362;-99;;;;;;;;;
363;-97;;;;;;;;;
364;-94;;;;;;;;;
365;-94;;;;;;;;;
366;-94;;;;;;;;;
367;-93;;;;;;;;;
368;-94;;;;;;;;;
369;-97;;;;;;;;;
B;16686;5;13:34:11:0;51.451.351.667;5.486.620.000;9;A;9292;;
370;-97;;;;;;;;;
371;-95;;;;;;;;;
372;-93;;;;;;;;;
373;-92;;;;;;;;;
374;-92;;;;;;;;;
375;-92;;;;;;;;;
376;-95;;;;;;;;;
377;-93;;;;;;;;;
378;-93;;;;;;;;;
379;-94;;;;;;;;;
380;-95;;;;;;;;;
381;-97;;;;;;;;;
382;-96;;;;;;;;;
383;-98;;;;;;;;;
384;-98;;;;;;;;;
385;-98;;;;;;;;;
386;-99;;;;;;;;;
387;-101;;;;;;;;;
381=;m?D????????e?R??;;;;;;;;;
B;16686;5;Q?[?'??3dp??l;;;;;;;
?y??C???*?i<6g`000;9;A;9292;;;;;;;
391;-96;;;;;;;;;
C;58977;77;13:34:13:0;51.451.371.667;5.485.870.000;10;A;9292;;
355;-96;;;;;;;;;
356;-101;;;;;;;;;
357;-96;;;;;;;;;
358;-92;;;;;;;;;
359;-92;;;;;;;;;
360;-92;;;;;;;;;
361;-89;;;;;;;;;
362;-90;;;;;;;;;
363;-92;;;;;;;;;
364;-89;;;;;;;;;
365;-91;;;;;;;;;
366;-90;;;;;;;;;
367;-87;;;;;;;;;
368;-86;;;;;;;;;
370;-85;;;;;;;;;
371;-85;;;;;;;;;
372;-85;;;;;;;;;
373;-85;;;;;;;;;
374;-85;;;;;;;;;
375;-85;;;;;;;;;
376;-87;;;;;;;;;
C;58977;77;13:34:13:0;51.451.371.667;5.485.870.000;10;A;9292;;
377;-88;;;;;;;;;
378;-86;;;;;;;;;
379;-86;;;;;;;;;
380;-86;;;;;;;;;
381;-84;;;;;;;;;
382;-84;;;;;;;;;
383;-84;;;;;;;;;
384;-84;;;;;;;;;
385;-82;;;;;;;;;
386;-82;;;;;;;;;
387;-82;;;;;;;;;
388;-81;;;;;;;;;
389;-80;;;;;;;;;
390;-80;;;;;;;;;
391;-79;;;;;;;;;
392;-78;;;;;;;;;
395;-78;;;;;;;;;
396;-78;;;;;;;;;
397;-77;;;;;;;;;
"*;????j?4?sc'?>";;;;;;;;;;
E;32828;73;13:34:16:0;51.451.796.667;5.486.195.000;7;A;9292;;
370;-91;;;;;;;;;
371;-93;;;;;;;;;
372;-92;;;;;;;;;
373;-94;;;;;;;;;
374;-94;;;;;;;;;
375;-90;;;;;;;;;
376;-89;;;;;;;;;
378;-91;;;;;;;;;
379;-87;;;;;;;;;
380;-87;;;;;;;;;
381;-86;;;;;;;;;
382;-87;;;;;;;;;
383;-88;;;;;;;;;
384;-90;;;;;;;;;
386;-102;;;;;;;;;
387;-100;;;;;;;;;
388;-97;;;;;;;;;
389;-93;;;;;;;;;
390;-100;;;;;;;;;
391;-99;;;;;;;;;
392;-98;;;;;;;;;
E;32828;73;13:34:16:0;51.451.796.667;5.486.195.000;7;A;9292;;
395;-91;;;;;;;;;
396;-90;;;;;;;;;
397;-90;;;;;;;;;
398;-93;;;;;;;;;
399;-94;;;;;;;;;
400;-92;;;;;;;;;
402;-90;;;;;;;;;
403;-90;;;;;;;;;
404;-89;;;;;;;;;
405;-91;;;;;;;;;
406;-92;;;;;;;;;
407;-92;;;;;;;;;
408;-94;;;;;;;;;
409;-95;;;;;;;;;
410;-91;;;;;;;;;
411;-92;;;;;;;;;
412;-89;;;;;;;;;
413;-92;;;;;;;;;
414;-90;;;;;;;;;
415??4X;;;;;;;;;;
F;75450;65;13:34:18:0;51.452.175.000;5.485.841.667;7;A;9292;;
378;-95;;;;;;;;;
379;-99;;;;;;;;;
380;-100;;;;;;;;;
381;-99;;;;;;;;;
382;-97;;;;;;;;;
383;-102;;;;;;;;;
384;-101;;;;;;;;;
386;-100;;;;;;;;;
387;-98;;;;;;;;;
388;-99;;;;;;;;;
389;-99;;;;;;;;;
390;-98;;;;;;;;;
391;-97;;;;;;;;;
392;-98;;;;;;;;;
393;-97;;;;;;;;;
394;-95;;;;;;;;;
395;-97;;;;;;;;;
396;-97;;;;;;;;;
397;-95;;;;;;;;;
398;-97;;;;;;;;;
399;-96;;;;;;;;;
F;75450;65;13:34:18:0;51.452.175.000;5.485.841.667;7;A;9292;;
400;-97;;;;;;;;;
402;-99;;;;;;;;;
403;-99;;;;;;;;;
404;-99;;;;;;;;;
405;-99;;;;;;;;;
406;-102;;;;;;;;;
407;-99;;;;;;;;;
408;-97;;;;;;;;;
409;-103;;;;;;;;;
410;-103;;;;;;;;;
411;-102;;;;;;;;;
412;-101;;;;;;;;;
413;-100;;;;;;;;;
414;-103;;;;;;;;;
415;-98;;;;;;;;;
416;-102;;;;;;;;;
419;-103;;;;;;;;;
420;-????4?2&$???L????';;;;;;;;;
-*???k?;;;;;;;;;;
G;98994;66;13:34:20:0;51.452.175.000;5.486.633.333;8;A;9292;;
386;-95;;;;;;;;;
387;-99;;;;;;;;;
388;-101;;;;;;;;;
390;-102;;;;;;;;;
391;-104;;;;;;;;;
392;-100;;;;;;;;;
393;-103;;;;;;;;;
394;-98;;;;;;;;;
395;-101;;;;;;;;;
396;-99;;;;;;;;;
397;-101;;;;;;;;;
398;-101;;;;;;;;;
399;-98;;;;;;;;;
400;-99;;;;;;;;;
401;-99;;;;;;;;;
403;-104;;;;;;;;;
404;-102;;;;;;;;;
?:;-100;;;;;;;;;
807;-100;;;;;;;;;
409;-101;;;;;;;;;
G;98994;66;13:34:20:0;51.452.175.000;5.486.633.333;8;A;9292;;
410;-99;;;;;;;;;
411;-100;;;;;;;;;
412;-101;;;;;;;;;
413;-103;;;;;;;;;
414;-105;;;;;;;;;
415;-99;;;;;;;;;
416;-98;;;;;;;;;
418;-99;;;;;;;;;
419;-100;;;;;;;;;
?0;-100;;;;;;;;;
422;-100;;;;;;;;;
423;-104;;;;;;;;;
424;-99;;;;;;;;;
426;-98;;;;;;;;;
427;-97;;;;;;;;;
428;-97;;;;;;;;;
429;-98;;;;;;;;;
430;-9'????&d~?;;;;;;;;;
B;16686;6;13:34:21:0;51.451.351.667;5.486.620.000;9;A;9292;;
395;-90;;;;;;;;;
396;-92;;;;;;;;;
397;-93;;;;;;;;;
398;-93;;;;;;;;;
399;-96;;;;;;;;;
400;-94;;;;;;;;;
402;-93;;;;;;;;;
403;-94;;;;;;;;;
404;-97;;;;;;;;;
405;-96;;;;;;;;;
406;-98;;;;;;;;;
407;-96;;;;;;;;;
408;-95;;;;;;;;;
409;-100;;;;;;;;;
410;-99;;;;;;;;;
411;-99;;;;;;;;;
412;-99;;;;;;;;;
413;-101;;;;;;;;;
414;-103;;;;;;;;;
416;-102;;;;;;;;;
418;-95;;;;;;;;;
B;16686;6;13:34:21:0;51.451.351.667;5.486.620.000;9;A;9292;;
419;-97;;;;;;;;;
420;-96;;;;;;;;;
421;-97;;;;;;;;;
422;-95;;;;;;;;;
423;-94;;;;;;;;;
424;-97;;;;;;;;;
425;-96;;;;;;;;;
426;-96;;;;;;;;;
427;-95;;;;;;;;;
428;-97;;;;;;;;;
429;-96;;;;;;;;;
430;-94;;;;;;;;;
431;-;;;;;;;;;
432;-94;;;;;;;;;
433;-101;;;;;;;;;
434;-101;;;;;;;;;
435;-102;;;;;;;;;
436;-101;;;;;;;;;
437;-?E}?????0k3-????t?13t?;;;;;;;;;
C;58977;78;13:34:23:0;51.451.370.000;5.485.870.000;10;A;9292;;
402;-74;;;;;;;;;
403;-76;;;;;;;;;
404;-77;;;;;;;;;
405;-76;;;;;;;;;
406;-77;;;;;;;;;
407;-76;;;;;;;;;
408;-76;;;;;;;;;
409;-75;;;;;;;;;
410;-75;;;;;;;;;
411;-75;;;;;;;;;
412;-75;;;;;;;;;
413;-75;;;;;;;;;
414;-75;;;;;;;;;
415;-75;;;;;;;;;
416;-75;;;;;;;;;
418;-73;;;;;;;;;
419;-71;;;;;;;;;
420;-71;;;;;;;;;
421;-70;;;;;;;;;
422;-70;;;;;;;;;
423;-70;;;;;;;;;
C;58977;78;13:34:23:0;51.451.370.000;5.485.870.000;10;A;9292;;
424;-69;;;;;;;;;
425;-63;;;;;;;;;
426;-64;;;;;;;;;
427;-65;;;;;;;;;
428;-68;;;;;;;;;
429;-73;;;;;;;;;
430;-74;;;;;;;;;
431;-81;;;;;;;;;
432;-76;;;;;;;;;
433;-63;;;;;;;;;
434;-64;;;;;;;;;
435;-63;;;;;;;;;
436;-64;;;;;;;;;
437;-71;;;;;;;;;
438;-68;;;;;;;;;
439;-67;;;;;;;;;
440;-66;;;;;;;;;
442;-68;;;;;;;;;
443;-68;;;;;;;;;
44???4?qc-;;;;;;;;;;
C;58977;78;"13:34:""?5; ??5??5#?9`?3Na=5K0009";10;A;9292;;;;
446;-79;;;;;;;;;
447;-75;;;;;;;;;
E;32828;74;13:34:28:0;51.451.796.667;5.486.195.000;6;A;9292;;
418;-91;;;;;;;;;
419;-94;;;;;;;;;
420;-95;;;;;;;;;
421;-98;;;;;;;;;
422;-95;;;;;;;;;
423;-92;;;;;;;;;
424;-91;;;;;;;;;
426;-93;;;;;;;;;
427;-92;;;;;;;;;
428;-92;;;;;;;;;
429;-92;;;;;;;;;
430;-92;;;;;;;;;
431;-94;;;;;;;;;
432;-95;;;;;;;;;
434;-92;;;;;;;;;
435;-94;;;;;;;;;
436;-95;;;;;;;;;
437;-94;;;;;;;;;
438;-95;;;;;;;;;
439;-95;;;;;;;;;
440;-96;;;;;;;;;
442;-94;;;;;;;;;
E;32828;74;13:34:28:0;51.451.796.667;5.486.195.000;6;A;9292;;
443;-92;;;;;;;;;
444;-92;;;;;;;;;
445;-94;;;;;;;;;
446;-97;;;;;;;;;
447;-98;;;;;;;;;
448;-95;;;;;;;;;
451;-92;;;;;;;;;
452;-95;;;;;;;;;
453;-94;;;;;;;;;
454;-93;;;;;;;;;
455;-91;;;;;;;;;
456;-91;;;;;;;;;
457;-91;;;;;;;;;
458;-91;;;;;;;;;
459;-93;;;;;;;;;
460;-93;;;;;;;;;
461;-94;;;;;;;;;
462;-92;;;;;;;;;
463?-'??;;;;;;;;;;
F;75450;66;13:34:28:0;51.452.176.667;5.485.838.333;8;A;9292;;
426;-98;;;;;;;;;
427;-97;;;;;;;;;
428;-100;;;;;;;;;
429;-103;;;;;;;;;
430;-103;;;;;;;;;
431;-99;;;;;;;;;
432;-96;;;;;;;;;
435;-97;;;;;;;;;
436;-97;;;;;;;;;
437;-96;;;;;;;;;
438;-98;;;;;;;;;
439;-99;;;;;;;;;
440;-99;;;;;;;;;
441;-99;;;;;;;;;
442;-99;;;;;;;;;
443;-99;;;;;;;;;
444;-103;;;;;;;;;
445;-103;;;;;;;;;
446;-100;;;;;;;;;
447;-102;;;;;;;;;
448;-100;;;;;;;;;
F;75450;66;13:34:28:0;51.452.176.667;5.485.838.333;8;A;9292;;
449;-101;;;;;;;;;
450;-98;;;;;;;;;
451;-99;;;;;;;;;
452;-101;;;;;;;;;
453;-102;;;;;;;;;
454;-103;;;;;;;;;
455;-104;;;;;;;;;
456;-103;;;;;;;;;
458;-102;;;;;;;;;
459;-101;;;;;;;;;
460;-99;;;;;;;;;
461;-102;;;;;;;;;
462;-101;;;;;;;;;
463;-101;;;;;;;;;
464;-102;;;;;;;;;
466;-101;;;;;;;;;
467;"-1???ª?h?.6?6s9""??}}????m;";;;;;;;;;
F;"75450?""????<?Z?Oz?R)????????:5.485838333";8;A;9292;;;;;;
471;-97;;;;;;;;;
G;98994;67;13:34:30:0;51.452.175.000;5.486.633.333;8;A;9292;;
434;-97;;;;;;;;;
435;-98;;;;;;;;;
436;-97;;;;;;;;;
437;-97;;;;;;;;;
438;-97;;;;;;;;;
439;-97;;;;;;;;;
440;-97;;;;;;;;;
441;-97;;;;;;;;;
442;-98;;;;;;;;;
443;-99;;;;;;;;;
444;-99;;;;;;;;;
445;-100;;;;;;;;;
446;-103;;;;;;;;;
447;-103;;;;;;;;;
448;-100;;;;;;;;;
449;-101;;;;;;;;;
450;-98;;;;;;;;;
451;-98;;;;;;;;;
452;-99;;;;;;;;;
453;-100;;;;;;;;;
454;-100;;;;;;;;;
G;98994;67;13:34:30:0;51.452.175.000;5.486.633.333;8;A;9292;;
455;-100;;;;;;;;;
456;-99;;;;;;;;;
457;-100;;;;;;;;;
458;-102;;;;;;;;;
459;-103;;;;;;;;;
461;-98;;;;;;;;;
462;-100;;;;;;;;;
463;-100;;;;;;;;;
464;-99;;;;;;;;;
466;-101;;;;;;;;;
467;-101;;;;;;;;;
469;-102;;;;;;;;;
470;-98;;;;;;;;;
471;-99;;;;;;;;;
472;-100;;;;;;;;;
478;-99;;;;;;;;;
479;-104;;;;;;;;;
B;16686;7;13:34:32:0;51.451.351.667;5.486.620.000;9;A;9292;;
442;-98;;;;;;;;;
443;-99;;;;;;;;;
444;-99;;;;;;;;;
445;-96;;;;;;;;;
446;-94;;;;;;;;;
447;-95;;;;;;;;;
448;-99;;;;;;;;;
451;-95;;;;;;;;;
452;-96;;;;;;;;;
454;-97;;;;;;;;;
455;-101;;;;;;;;;
456;-100;;;;;;;;;
457;-96;;;;;;;;;
458;-96;;;;;;;;;
459;-96;;;;;;;;;
460;-93;;;;;;;;;
461;-94;;;;;;;;;
462;-95;;;;;;;;;
463;-99;;;;;;;;;
464;-98;;;;;;;;;
466;-97;;;;;;;;;
B;16686;7;13:34:32:0;51.451.351.667;5.486.620.000;9;A;9292;;
467;-97;;;;;;;;;
468;-96;;;;;;;;;
469;-94;;;;;;;;;
470;-93;;;;;;;;;
471;-93;;;;;;;;;
472;-93;;;;;;;;;
473;-92;;;;;;;;;
474;-94;;;;;;;;;
475;-94;;;;;;;;;
476;-97;;;;;;;;;
477;-103;;;;;;;;;
478;-100;;;;;;;;;
479;-98;;;;;;;;;
480;-98;;;;;;;;;
481;-93;;;;;;;;;
482;-94;;;;;;;;;
483;-93;;;;;;;;;
484;-93;;;;;;;;;
485;-94????|?????X?)???t;;;;;;;;;
C;58977;79;13:34:35:0;51.451.370.000;5.485.870.000;10;A;9292;;
451;-65;;;;;;;;;
452;-68;;;;;;;;;
453;-68;;;;;;;;;
454;-69;;;;;;;;;
455;-69;;;;;;;;;
456;-70;;;;;;;;;
457;-76;;;;;;;;;
458;-74;;;;;;;;;
459;-74;;;;;;;;;
460;-74;;;;;;;;;
461;-75;;;;;;;;;
462;-76;;;;;;;;;
463;-75;;;;;;;;;
464;-75;;;;;;;;;
466;-76;;;;;;;;;
467;-75;;;;;;;;;
468;-75;;;;;;;;;
469;-74;;;;;;;;;
470;-74;;;;;;;;;
471;-75;;;;;;;;;
472;-75;;;;;;;;;
C;58977;79;13:34:35:0;51.451.370.000;5.485.870.000;10;A;9292;;
473;-76;;;;;;;;;
474;-75;;;;;;;;;
475;-77;;;;;;;;;
476;-77;;;;;;;;;
477;-78;;;;;;;;;
478;-77;;;;;;;;;
479;-77;;;;;;;;;
480;-76;;;;;;;;;
481;-77;;;;;;;;;
482;-78;;;;;;;;;
483;-77;;;;;;;;;
484;-78;;;;;;;;;
485;-77;;;;;;;;;
486;-77;;;;;;;;;
487;-77;;;;;;;;;
488;-77;;;;;;;;;
490;-80;;;;;;;;;
491;-80;;;;;;;;;
492;-80$???????@?sh?;;;;;;;;;
???'??|;;;;;;;;;;
E;32828;75;13:34:37:0;51.451.795.000;5.486.201.667;6;A;9292;;
466;-92;;;;;;;;;
467;-94;;;;;;;;;
468;-99;;;;;;;;;
469;-93;;;;;;;;;
470;-95;;;;;;;;;
471;-98;;;;;;;;;
472;-94;;;;;;;;;
475;-88;;;;;;;;;
476;-88;;;;;;;;;
477;-90;;;;;;;;;
478;-89;;;;;;;;;
479;-91;;;;;;;;;
480;-89;;;;;;;;;
481;-86;;;;;;;;;
482;-85;;;;;;;;;
483;-84;;;;;;;;;
484;-85;;;;;;;;;
485;-86;;;;;;;;;
486;-89;;;;;;;;;
487;-90;;;;;;;;;
488;-93;;;;;;;;;
490;-93;;;;;;;;;
E;32828;75;13:34:37:0;51.451.795.000;5.486.201.667;6;A;9292;;
491;-90;;;;;;;;;
492;-91;;;;;;;;;
493;-90;;;;;;;;;
494;-92;;;;;;;;;
495;-98;;;;;;;;;
496;-94;;;;;;;;;
498;-90;;;;;;;;;
499;-93;;;;;;;;;
500;-92;;;;;;;;;
501;-91;;;;;;;;;
502;-87;;;;;;;;;
503;-88;;;;;;;;;
504;-89;;;;;;;;;
505;-91;;;;;;;;;
506;-93;;;;;;;;;
507;-97;;;;;;;;;
508;-97;;;;;;;;;
509;-94;;;;;;;;;
51?;"%??""????%";;;;;;;;;
F;75450;67;13:34:39:0;51.452.178.333;5.485.840.000;8;A;9292;;
475;-97;;;;;;;;;
476;-99;;;;;;;;;
477;-100;;;;;;;;;
478;-102;;;;;;;;;
479;-101;;;;;;;;;
480;-99;;;;;;;;;
481;-97;;;;;;;;;
482;-101;;;;;;;;;
483;-97;;;;;;;;;
484;-99;;;;;;;;;
485;-101;;;;;;;;;
486;-100;;;;;;;;;
487;-97;;;;;;;;;
488;-98;;;;;;;;;
489;-101;;;;;;;;;
490;-100;;;;;;;;;
491;-104;;;;;;;;;
492;-102;;;;;;;;;
493;-99;;;;;;;;;
495;-103;;;;;;;;;
F;75450;67;13:34:39:0;51.452.178.333;5.485.840.000;8;A;9292;;
496;-103;;;;;;;;;
498;-102;;;;;;;;;
499;-99;;;;;;;;;
500;-100;;;;;;;;;
501;-103;;;;;;;;;
502;-99;;;;;;;;;
503;-95;;;;;;;;;
504;-99;;;;;;;;;
505;-98;;;;;;;;;
506;-98;;;;;;;;;
507;-99;;;;;;;;;
508;-101;;;;;;;;;
509;-103;;;;;;;;;
510;-102;;;;;;;;;
511;-103;;;;;;;;;
512;-100;;;;;;;;;
514;-98;;;;;;;;;
515;-97;;;;;;;;;
5????F;75450;67;=0x?)N????y????d?????%=5840000;8;A;9292;;;;
519;-95;;;;;;;;;
G;98994;68;13:34:40:0;51.452.175.000;5.486.633.333;8;A;9292;;
481;-100;;;;;;;;;
482;-102;;;;;;;;;
483;-101;;;;;;;;;
484;-100;;;;;;;;;
485;-99;;;;;;;;;
486;-100;;;;;;;;;
488;-101;;;;;;;;;
489;-98;;;;;;;;;
490;-97;;;;;;;;;
491;-101;;;;;;;;;
492;-103;;;;;;;;;
493;-100;;;;;;;;;
494;-99;;;;;;;;;
495;-98;;;;;;;;;
496;-99;;;;;;;;;
497;-97;;;;;;;;;
498;-98;;;;;;;;;
499;-100;;;;;;;;;
500;-101;;;;;;;;;
501;-98;;;;;;;;;
G;98994;68;13:34:40:0;51.452.175.000;5.486.633.333;8;A;9292;;
502;-101;;;;;;;;;
503;-99;;;;;;;;;
504;-98;;;;;;;;;
505;-99;;;;;;;;;
506;-99;;;;;;;;;
507;-100;;;;;;;;;
508;-98;;;;;;;;;
509;-98;;;;;;;;;
510;-99;;;;;;;;;
511;-101;;;;;;;;;
512;-101;;;;;;;;;
514;-102;;;;;;;;;
515;-100;;;;;;;;;
516;-100;;;;;;;;;
517;-99;;;;;;;;;
519;-99;;;;;;;;;
52G;98994;68;"13:""$:D1??b????Hs??????3??Fw?:";8;A;9292;;;;
;;;;;;;;;;
52B;16686;8;13:34:42:0;51.451.351.667;5.486.620.000;9;A;9292;;
490;-96;;;;;;;;;
491;-96;;;;;;;;;
492;-93;;;;;;;;;
493;-94;;;;;;;;;
494;-98;;;;;;;;;
495;-97;;;;;;;;;
496;-95;;;;;;;;;
498;-91;;;;;;;;;
499;-92;;;;;;;;;
500;-94;;;;;;;;;
501;-92;;;;;;;;;
502;-91;;;;;;;;;
503;-94;;;;;;;;;
504;-97;;;;;;;;;
505;-94;;;;;;;;;
506;-97;;;;;;;;;
507;-98;;;;;;;;;
508;-97;;;;;;;;;
509;-99;;;;;;;;;
510;-99;;;;;;;;;
511;-98;;;;;;;;;
512;-96;;;;;;;;;
B;16686;8;13:34:42:0;51.451.351.667;5.486.620.000;9;A;9292;;
514;-99;;;;;;;;;
516;-98;;;;;;;;;
517;-99;;;;;;;;;
518;-97;;;;;;;;;
519;-99;;;;;;;;;
520;-102;;;;;;;;;
521;-94;;;;;;;;;
522;-96;;;;;;;;;
523;-96;;;;;;;;;
524;-94;;;;;;;;;
525;-94;;;;;;;;;
526;-94;;;;;;;;;
527;-95;;;;;;;;;
528;-92;;;;;;;;;
529;-96;;;;;;;;;
530;-96;;;;;;;;;
531;-98;;;;;;;;;
532;-101;;;;;;;;;
"52;5]W??;?.^?????l¤B???A";;;;;;;;;;
C;58977;80;13:34:44:0;51.451.370.000;5.485.870.000;10;A;9292;;
498;-84;;;;;;;;;
499;-84;;;;;;;;;
500;-84;;;;;;;;;
501;-84;;;;;;;;;
502;-83;;;;;;;;;
503;-83;;;;;;;;;
504;-84;;;;;;;;;
505;-83;;;;;;;;;
506;-84;;;;;;;;;
507;-85;;;;;;;;;
508;-85;;;;;;;;;
509;-85;;;;;;;;;
510;-85;;;;;;;;;
511;-85;;;;;;;;;
512;-85;;;;;;;;;
514;-86;;;;;;;;;
515;-86;;;;;;;;;
516;-86;;;;;;;;;
517;-87;;;;;;;;;
518;-87;;;;;;;;;
519;-87;;;;;;;;;
C;58977;80;13:34:44:0;51.451.370.000;5.485.870.000;10;A;9292;;
520;-88;;;;;;;;;
521;-93;;;;;;;;;
522;-94;;;;;;;;;
523;-93;;;;;;;;;
524;-94;;;;;;;;;
525;-93;;;;;;;;;
526;-93;;;;;;;;;
527;-95;;;;;;;;;
529;-89;;;;;;;;;
530;-89;;;;;;;;;
531;-89;;;;;;;;;
532;-90;;;;;;;;;
533;-90;;;;;;;;;
534;-90;;;;;;;;;
535;-91;;;;;;;;;
536;-91;;;;;;;;;
538;-91;;;;;;;;;
539;-91;;;;;;;;;
540;-92;;;;;;;;;
???U??G64s???F?IG+?h#???;;;;;;;;;;
E;32828;76;13:34:47:0;51.451.800.000;5.486.206.667;6;A;9292;;
514;-92;;;;;;;;;
515;-100;;;;;;;;;
516;-94;;;;;;;;;
517;-95;;;;;;;;;
518;-94;;;;;;;;;
519;-94;;;;;;;;;
520;-94;;;;;;;;;
523;-88;;;;;;;;;
524;-87;;;;;;;;;
525;-86;;;;;;;;;
526;-87;;;;;;;;;
527;-88;;;;;;;;;
528;-85;;;;;;;;;
531;-99;;;;;;;;;
532;-94;;;;;;;;;
533;-91;;;;;;;;;
534;-95;;;;;;;;;
535;-96;;;;;;;;;
536;-88;;;;;;;;;
538;-87;;;;;;;;;
539;-87;;;;;;;;;
E;32828;76;13:34:47:0;51.451.800.000;5.486.206.667;6;A;9292;;
540;-86;;;;;;;;;
541;-84;;;;;;;;;
542;-83;;;;;;;;;
543;-82;;;;;;;;;
544;-82;;;;;;;;;
546;-87;;;;;;;;;
547;-87;;;;;;;;;
548;-89;;;;;;;;;
549;-93;;;;;;;;;
550;-94;;;;;;;;;
551;-93;;;;;;;;;
552;-93;;;;;;;;;
553;-99;;;;;;;;;
554;-93;;;;;;;;;
555;-89;;;;;;;;;
556;-88;;;;;;;;;
557;-87;;;;;;;;;
558;-87;;;;;;;;;
559;-88;;;;;;;;;
F;75450;68;13:34:49:0;51.452.178.333;5.485.840.000;7;A;9292;;
523;-103;;;;;;;;;
524;-104;;;;;;;;;
526;-101;;;;;;;;;
527;-100;;;;;;;;;
528;-98;;;;;;;;;
531;-94;;;;;;;;;
532;-93;;;;;;;;;
533;-94;;;;;;;;;
534;-94;;;;;;;;;
535;-93;;;;;;;;;
536;-93;;;;;;;;;
537;-94;;;;;;;;;
538;-94;;;;;;;;;
539;-94;;;;;;;;;
540;-94;;;;;;;;;
541;-94;;;;;;;;;
542;-95;;;;;;;;;
543;-94;;;;;;;;;
544;-96;;;;;;;;;
546;-94;;;;;;;;;
547;-95;;;;;;;;;
F;75450;68;13:34:49:0;51.452.178.333;5.485.840.000;7;A;9292;;
548;-93;;;;;;;;;
549;-94;;;;;;;;;
550;-96;;;;;;;;;
551;-96;;;;;;;;;
552;-96;;;;;;;;;
553;-103;;;;;;;;;
554;-99;;;;;;;;;
555;-101;;;;;;;;;
556;-100;;;;;;;;;
557;-101;;;;;;;;;
558;-101;;;;;;;;;
559;-99;;;;;;;;;
560;-98;;;;;;;;;
562;-99;;;;;;;;;
563;-97;;;;;;;;;
564;-101;;;;;;;;;
565;-97;;;;;;;;;
566;-99;;;;;;;;;
??r???h?;;;;;;;;;;
G;98994;69;13:34:51:0;51.452.175.000;5.486.633.333;8;A;9292;;
531;-96;;;;;;;;;
532;-98;;;;;;;;;
533;-97;;;;;;;;;
534;-99;;;;;;;;;
535;-100;;;;;;;;;
536;-99;;;;;;;;;
537;-100;;;;;;;;;
538;-97;;;;;;;;;
539;-100;;;;;;;;;
540;-97;;;;;;;;;
541;-96;;;;;;;;;
542;-97;;;;;;;;;
543;-94;;;;;;;;;
544;-98;;;;;;;;;
545;-98;;;;;;;;;
546;-97;;;;;;;;;
547;-99;;;;;;;;;
548;-98;;;;;;;;;
549;-99;;;;;;;;;
550;-99;;;;;;;;;
551;-97;;;;;;;;;
G;98994;69;13:34:51:0;51.452.175.000;5.486.633.333;8;A;9292;;
552;-98;;;;;;;;;
553;-100;;;;;;;;;
554;-97;;;;;;;;;
555;-98;;;;;;;;;
556;-97;;;;;;;;;
557;-101;;;;;;;;;
558;-102;;;;;;;;;
559;-101;;;;;;;;;
560;-98;;;;;;;;;
562;-99;;;;;;;;;
563;-97;;;;;;;;;
564;-97;;;;;;;;;
565;-98;;;;;;;;;
566;-99;;;;;;;;;
567;-97;;;;;;;;;
568;-99;;;;;;;;;
570;-96;;;;;;;;;
571;-96;;;;;;;;;
572;?9?|?????z8?a?t?D??#w?]?;;;;;;;;;
B;16686;9;13:34:52:0;51.451.351.667;5.486.620.000;9;A;9292;;
538;-90;;;;;;;;;
539;-91;;;;;;;;;
540;-92;;;;;;;;;
541;-93;;;;;;;;;
542;-93;;;;;;;;;
543;-91;;;;;;;;;
544;-91;;;;;;;;;
546;-94;;;;;;;;;
547;-94;;;;;;;;;
548;-94;;;;;;;;;
549;-94;;;;;;;;;
550;-95;;;;;;;;;
551;-98;;;;;;;;;
552;-98;;;;;;;;;
553;-97;;;;;;;;;
554;-100;;;;;;;;;
555;-102;;;;;;;;;
556;-102;;;;;;;;;
557;-103;;;;;;;;;
560;-100;;;;;;;;;
562;-92;;;;;;;;;
B;16686;9;13:34:52:0;51.451.351.667;5.486.620.000;9;A;9292;;
563;-92;;;;;;;;;
564;-93;;;;;;;;;
565;-94;;;;;;;;;
566;-94;;;;;;;;;
567;-94;;;;;;;;;
N568;-95;;;;;;;;;
569;-99;;;;;;;;;
U1P;}100;;;;;;;;;
571;!=<<;;;;;;;;;
?72;-101;;;;;;;;;
563;-99;;;;;;;;;
574;-99;;;;;;;;;
575;-100;;;;;;;;;
576;-99;;;;;;;;;
577;-94;;;;;;;;;
578;-93;;;;;;;;;
579;-92;;;;;;;;;
580;-92;;;;;;;;;
"58;s*??";;;;;;;;;;
Xf????????;;;;;;;;;;
C;58977;81;13:34:54:0;51.451.370.000;5.485.870.000;10;A;9292;;
546;-90;;;;;;;;;
547;-93;;;;;;;;;
548;-94;;;;;;;;;
549;-95;;;;;;;;;
550;-97;;;;;;;;;
551;-98;;;;;;;;;
552;-96;;;;;;;;;
553;-95;;;;;;;;;
554;-99;;;;;;;;;
555;-97;;;;;;;;;
556;-99;;;;;;;;;
557;-100;;;;;;;;;
558;-100;;;;;;;;;
55);-99;;;;;;;;;
560;-103;;;;;;;;;
562;-99;;;;;;;;;
563;-97;;;;;;;;;
564;-99;;;;;;;;;
565;-99;;;;;;;;;
566;-100;;;;;;;;;
567;-98;;;;;;;;;
C;58977;81;13:??UD????C{???n???5D?0??0;10;A;9292;;;;
590;-97;;;;;;;;;
591;-98;;;;;;;;;
E;32828;77;13:34:58:0;51.451.808.333;5.486.200.000;6;A;9292;;
561;-82;;;;;;;;;
562;-87;;;;;;;;;
563;-87;;;;;;;;;
564;-86;;;;;;;;;
565;-85;;;;;;;;;
566;-84;;;;;;;;;
567;-83;;;;;;;;;
568;-85;;;;;;;;;
570;-83;;;;;;;;;
571;-84;;;;;;;;;
572;-84;;;;;;;;;
573;-85;;;;;;;;;
574;-85;;;;;;;;;
575;-85;;;;;;;;;
576;-84;;;;;;;;;
578;-84;;;;;;;;;
579;-85;;;;;;;;;
580;-85;;;;;;;;;
581;-85;;;;;;;;;
582;-85;;;;;;;;;
583;-85;;;;;;;;;
584;-86;;;;;;;;;
E;32828;77;13:34:58:0;51.451.808.333;5.486.200.000;6;A;9292;;
586;-86;;;;;;;;;
587;-86;;;;;;;;;
588;-88;;;;;;;;;
589;-89;;;;;;;;;
590;-88;;;;;;;;;
591;-89;;;;;;;;;
592;-88;;;;;;;;;
595;-88;;;;;;;;;
596;-89;;;;;;;;;
597;-88;;;;;;;;;
598;-89;;;;;;;;;
599;-88;;;;;;;;;
600;-88;;;;;;;;;
601;-88;;;;;;;;;
602;-88;;;;;;;;;
603;-88;;;;;;;;;
604;-88;;;;;;;;;
605;-88;;;;;;;;;
606;-87;;;;;;;;;
607;-86;;;;;;;;;
F;75450;69;13:34:59:0;51.452.178.333;5.485.840.000;7;A;9292;;
570;-97;;;;;;;;;
571;-99;;;;;;;;;
572;-100;;;;;;;;;
573;-99;;;;;;;;;
574;-96;;;;;;;;;
575;-95;;;;;;;;;
576;-96;;;;;;;;;
578;-102;;;;;;;;;
579;-99;;;;;;;;;
580;-101;;;;;;;;;
581;-99;;;;;;;;;
582;-100;;;;;;;;;
583;-99;;;;;;;;;
584;-99;;;;;;;;;
585;-101;;;;;;;;;
586;-101;;;;;;;;;
587;-99;;;;;;;;;
588;-99;;;;;;;;;
589;-98;;;;;;;;;
590;-99;;;;;;;;;
591;-101;;;;;;;;;
F;75450;69;13:34:59:0;51.452.178.333;5.485.840.000;7;A;9292;;
594;-93;;;;;;;;;
595;-93;;;;;;;;;
596;-94;;;;;;;;;
597;-95;;;;;;;;;
598;-96;;;;;;;;;
599;-96;;;;;;;;;
600;-95;;;;;;;;;
601;-96;;;;;;;;;
602;-96;;;;;;;;;
603;-96;;;;;;;;;
604;-95;;;;;;;;;
605;-96;;;;;;;;;
606;-96;;;;;;;;;
607;-97;;;;;;;;;
608;-99;;;;;;;;;
G;98994;70;13:35:1:0;51.452.175.000;5.486.631.667;8;A;9292;;
578;-96;;;;;;;;;
579;-100;;;;;;;;;
580;-98;;;;;;;;;
581;-96;;;;;;;;;
582;-99;;;;;;;;;
583;-98;;;;;;;;;
584;-99;;;;;;;;;
585;-98;;;;;;;;;
586;-97;;;;;;;;;
*5:7;-100;;;;;;;;;
588;-99;;;;;;;;;
?09;?19l?p90;-O?3?:?(???_???[T?+??p?D??3??m???i???<?2Q????>?C?????Q??p?Yt??;?~;;;;;;;
G;98994;70;13:35:1:0;51.452.175.000;5.486.631.667;8;A;9292;;
599;-97;;;;;;;;;
600;-98;;;;;;;;;
601;-99;;;;;;;;;
602;-99;;;;;;;;;
603;-101;;;;;;;;;
604;-99;;;;;;;;;
605;-98;;;;;;;;;
606;-101;;;;;;;;;
607;-98;;;;;;;;;
608;-97;;;;;;;;;
B;16686;10;13:35:3:0;51.451.351.667;5.486.620.000;9;A;9292;;
586;-98;;;;;;;;;
587;-101;;;;;;;;;
588;-99;;;;;;;;;
589;-101;;;;;;;;;
590;-100;;;;;;;;;
591;-98;;;;;;;;;
592;-98;;;;;;;;;
595;-100;;;;;;;;;
596;-100;;;;;;;;;
597;-101;;;;;;;;;
598;-101;;;;;;;;;
599;-101;;;;;;;;;
600;-100;;;;;;;;;
601;-99;;;;;;;;;
602;-100;;;;;;;;;
603;-100;;;;;;;;;
604;-99;;;;;;;;;
605;-100;;;;;;;;;
606;-98;;;;;;;;;
607;-98;;;;;;;;;
B;16686;10;13:35:3:0;51.451.351.667;5.486.620.000;9;A;9292;;
608;-97;;;;;;;;;
C;58977;82;13:35:5:0;51.451.370.000;5.485.870.000;10;A;9292;;
595;-93;;;;;;;;;
596;-97;;;;;;;;;
597;-96;;;;;;;;;
598;-96;;;;;;;;;
599;-95;;;;;;;;;
600;-96;;;;;;;;;
601;-97;;;;;;;;;
602;-97;;;;;;;;;
603;-96;;;;;;;;;
604;-95;;;;;;;;;
605;-97;;;;;;;;;
606;-96;;;;;;;;;
607;-96;;;;;;;;;
608;-96;;;;;;;;;
